{"cameraMode":{"drawMode":0,"name":"Shaded","section":"Shading Mode"},"sceneLighting":true,"audioPlay":false,"sceneViewState":{"m_AlwaysRefresh":false,"showFog":true,"showSkybox":true,"showFlares":true,"showImageEffects":true,"showParticleSystems":true,"showVisualEffectGraphs":true,"m_FxEnabled":true},"in2DMode":false,"pivot":{"x":-3.045680046081543,"y":-8.058534622192383,"z":-5.4625701904296879},"rotation":{"x":0.015458314679563046,"y":0.9845207929611206,"z":-0.1265205591917038,"w":0.12022649496793747},"size":20.795089721679689,"orthographic":false}